/*
-------------------------------------------------------------------------------------------------------------------------------
-- OBJETIVO                  : Script de insercion de las tablas del Modelo
                               
-- PARÁMETROS DE ENTRADA     : N/A
-- PARÁMETROS DE SALIDA      : NA   
-- OBJETOS QUE LO REFERENCIAN: NA
-- LIDER TÉCNICO             :              
-- FECHAHORA                 : 2021/10/14
-- REALIZADO POR             : INFORMATICA & TECNOLOGIA (GEDV - JAPC)
--	                           Este componente fue realizado bajo la metodología de desarrollo de Informática & Tecnología 
--                             y se encuentra Protegido por las leyes de derechos de autor.
-- FECHAHORA MODIFICACIÓN    : 
-- LIDER MODIFICACIÓN        : 
-- REALIZADO POR             : 
-- OBJETIVO MODIFICACIÓN     : 
-----------------------------------------------------------------------------------------------------------------------------
*/

INSERT INTO SCH_ORCLQA_DESARCHIVE_CORE.JURISDICCION(CODIGO,NOMBRE,ES_ACTIVO)VALUES('1','CIVIL CIRCUITO','1');
INSERT INTO SCH_ORCLQA_DESARCHIVE_CORE.JURISDICCION(CODIGO,NOMBRE,ES_ACTIVO)VALUES('2','CIVIL MUNICIPAL','1');
INSERT INTO SCH_ORCLQA_DESARCHIVE_CORE.JURISDICCION(CODIGO,NOMBRE,ES_ACTIVO)VALUES('3','CIVIL MUNICIPAL DESCONGESTIÓN','1');
INSERT INTO SCH_ORCLQA_DESARCHIVE_CORE.JURISDICCION(CODIGO,NOMBRE,ES_ACTIVO)VALUES('4','CIVIL MUNICIPAL EJECUCIÓN','1');
INSERT INTO SCH_ORCLQA_DESARCHIVE_CORE.JURISDICCION(CODIGO,NOMBRE,ES_ACTIVO)VALUES('5','CIVIL MUNICIPAL PEQUEÑAS CAUSAS','1');
INSERT INTO SCH_ORCLQA_DESARCHIVE_CORE.JURISDICCION(CODIGO,NOMBRE,ES_ACTIVO)VALUES('6','EJECUCIÓN CIVIL CIRCUITO','1');
INSERT INTO SCH_ORCLQA_DESARCHIVE_CORE.JURISDICCION(CODIGO,NOMBRE,ES_ACTIVO)VALUES('7','FAMILIA','1');
INSERT INTO SCH_ORCLQA_DESARCHIVE_CORE.JURISDICCION(CODIGO,NOMBRE,ES_ACTIVO)VALUES('8','FAMILIA EJECUCIÓN','1');
INSERT INTO SCH_ORCLQA_DESARCHIVE_CORE.JURISDICCION(CODIGO,NOMBRE,ES_ACTIVO)VALUES('9','LABORAL','1');
INSERT INTO SCH_ORCLQA_DESARCHIVE_CORE.JURISDICCION(CODIGO,NOMBRE,ES_ACTIVO)VALUES('10','LABORAL PEQUEÑAS CAUSAS','1');
INSERT INTO SCH_ORCLQA_DESARCHIVE_CORE.JURISDICCION(CODIGO,NOMBRE,ES_ACTIVO)VALUES('11','PENAL MUNICIPAL DE CONTROL DE GARANTÍAS TUTELAS','1');
INSERT INTO SCH_ORCLQA_DESARCHIVE_CORE.JURISDICCION(CODIGO,NOMBRE,ES_ACTIVO)VALUES('12','PENAL MUNICIPAL DE CONOCIMIENTO TUTELAS','1');
INSERT INTO SCH_ORCLQA_DESARCHIVE_CORE.JURISDICCION(CODIGO,NOMBRE,ES_ACTIVO)VALUES('13','PENAL CIRCUITO DE CONOCIMIENTO TUTELAS','1');
INSERT INTO SCH_ORCLQA_DESARCHIVE_CORE.JURISDICCION(CODIGO,NOMBRE,ES_ACTIVO)VALUES('14','PENAL MUNICIPAL LEY 600','1');
INSERT INTO SCH_ORCLQA_DESARCHIVE_CORE.JURISDICCION(CODIGO,NOMBRE,ES_ACTIVO)VALUES('15','PENAL CIRCUITO LEY 600','1');
COMMIT;

INSERT INTO SCH_ORCLQA_DESARCHIVE_CORE.BODEGA (IDENTIFICACION,NOMBRE,TELEFONO,DIRECCION,ES_ACTIVO,ID_MUNICIPIO) VALUES ('1111','BODEGAUNO','125325','DIR PRUEBA','0','1');
INSERT INTO SCH_ORCLQA_DESARCHIVE_CORE.BODEGA (IDENTIFICACION,NOMBRE,TELEFONO,DIRECCION,ES_ACTIVO,ID_MUNICIPIO) VALUES ('4','BOD SER','8521','DERFV','1','1');
INSERT INTO SCH_ORCLQA_DESARCHIVE_CORE.BODEGA (IDENTIFICACION,NOMBRE,TELEFONO,DIRECCION,ES_ACTIVO,ID_MUNICIPIO) VALUES ('6','DOSWEB','865232','YUJJNN','1','51');
INSERT INTO SCH_ORCLQA_DESARCHIVE_CORE.BODEGA (IDENTIFICACION,NOMBRE,TELEFONO,DIRECCION,ES_ACTIVO,ID_MUNICIPIO) VALUES ('10','PRUEBA','855555','CALLE LA VIRGEN','1','1097');
INSERT INTO SCH_ORCLQA_DESARCHIVE_CORE.BODEGA (IDENTIFICACION,NOMBRE,TELEFONO,DIRECCION,ES_ACTIVO,ID_MUNICIPIO) VALUES ('7','BODEGATEST','TEST','DIR TEST','1','1');
INSERT INTO SCH_ORCLQA_DESARCHIVE_CORE.BODEGA (IDENTIFICACION,NOMBRE,TELEFONO,DIRECCION,ES_ACTIVO,ID_MUNICIPIO) VALUES ('8','PORTAL','478521','PORTAL','1','138');
INSERT INTO SCH_ORCLQA_DESARCHIVE_CORE.BODEGA (IDENTIFICACION,NOMBRE,TELEFONO,DIRECCION,ES_ACTIVO,ID_MUNICIPIO) VALUES ('9','PORTALDOS','88888','PORTAL','1','382');
INSERT INTO SCH_ORCLQA_DESARCHIVE_CORE.BODEGA (IDENTIFICACION,NOMBRE,TELEFONO,DIRECCION,ES_ACTIVO,ID_MUNICIPIO) VALUES ('11','BOEDAGA DEL MU','85221','CUMDLIS C','1','51');
INSERT INTO SCH_ORCLQA_DESARCHIVE_CORE.BODEGA (IDENTIFICACION,NOMBRE,TELEFONO,DIRECCION,ES_ACTIVO,ID_MUNICIPIO) VALUES ('12','ULTIMA','52132','DFKJFDHSD','1','51');
INSERT INTO SCH_ORCLQA_DESARCHIVE_CORE.BODEGA (IDENTIFICACION,NOMBRE,TELEFONO,DIRECCION,ES_ACTIVO,ID_MUNICIPIO) VALUES ('18','DSADSADAS','3343244','43243243242','1','51');
INSERT INTO SCH_ORCLQA_DESARCHIVE_CORE.BODEGA (IDENTIFICACION,NOMBRE,TELEFONO,DIRECCION,ES_ACTIVO,ID_MUNICIPIO) VALUES ('2121','APENAS','1252525','DIRECCION O ','1','70');
INSERT INTO SCH_ORCLQA_DESARCHIVE_CORE.BODEGA (IDENTIFICACION,NOMBRE,TELEFONO,DIRECCION,ES_ACTIVO,ID_MUNICIPIO) VALUES ('19','PABLO PRUEBA','55555555','DIRECION','0','151');
INSERT INTO SCH_ORCLQA_DESARCHIVE_CORE.BODEGA (IDENTIFICACION,NOMBRE,TELEFONO,DIRECCION,ES_ACTIVO,ID_MUNICIPIO) VALUES ('20','NUEVO NUW','77777','ETYDID','0','138');
INSERT INTO SCH_ORCLQA_DESARCHIVE_CORE.BODEGA (IDENTIFICACION,NOMBRE,TELEFONO,DIRECCION,ES_ACTIVO,ID_MUNICIPIO) VALUES ('3','BODEGA TRES','586712','CALLE CIEGA','1','1');
INSERT INTO SCH_ORCLQA_DESARCHIVE_CORE.BODEGA (IDENTIFICACION,NOMBRE,TELEFONO,DIRECCION,ES_ACTIVO,ID_MUNICIPIO) VALUES ('13','BODEGA DECIMA','521223','CALLE DECIMA','1','51');
INSERT INTO SCH_ORCLQA_DESARCHIVE_CORE.BODEGA (IDENTIFICACION,NOMBRE,TELEFONO,DIRECCION,ES_ACTIVO,ID_MUNICIPIO) VALUES ('2','BODEGA DOS','8521475','DIECCION PRUEBA DOS','1','1');
INSERT INTO SCH_ORCLQA_DESARCHIVE_CORE.BODEGA (IDENTIFICACION,NOMBRE,TELEFONO,DIRECCION,ES_ACTIVO,ID_MUNICIPIO) VALUES ('14','FDSFDSFDSFDSD','FDDFDFDD','FDFDFSFDS','1','51');
INSERT INTO SCH_ORCLQA_DESARCHIVE_CORE.BODEGA (IDENTIFICACION,NOMBRE,TELEFONO,DIRECCION,ES_ACTIVO,ID_MUNICIPIO) VALUES ('5','WEBJJJ','DSADA','SDSADA','1','51');
INSERT INTO SCH_ORCLQA_DESARCHIVE_CORE.BODEGA (IDENTIFICACION,NOMBRE,TELEFONO,DIRECCION,ES_ACTIVO,ID_MUNICIPIO) VALUES ('15','YHTNTNTN','JJJJJJJ','JJJJJJ','1','51');
INSERT INTO SCH_ORCLQA_DESARCHIVE_CORE.BODEGA (IDENTIFICACION,NOMBRE,TELEFONO,DIRECCION,ES_ACTIVO,ID_MUNICIPIO) VALUES ('16','PRUEBA ANDREA','52326','CALLE SIN','1','152');
INSERT INTO SCH_ORCLQA_DESARCHIVE_CORE.BODEGA (IDENTIFICACION,NOMBRE,TELEFONO,DIRECCION,ES_ACTIVO,ID_MUNICIPIO) VALUES ('17','OTRA PREU','00000000','FIRIEOEK','1','358');
COMMIT;


INSERT INTO SCH_ORCLQA_DESARCHIVE_CORE.JURISDICCION_POR_BODEGA (ID_BODEGA,ID_JURISDICCION) VALUES ('6','1');
INSERT INTO SCH_ORCLQA_DESARCHIVE_CORE.JURISDICCION_POR_BODEGA (ID_BODEGA,ID_JURISDICCION) VALUES ('6','2');
INSERT INTO SCH_ORCLQA_DESARCHIVE_CORE.JURISDICCION_POR_BODEGA (ID_BODEGA,ID_JURISDICCION) VALUES ('8','1');
INSERT INTO SCH_ORCLQA_DESARCHIVE_CORE.JURISDICCION_POR_BODEGA (ID_BODEGA,ID_JURISDICCION) VALUES ('8','2');
INSERT INTO SCH_ORCLQA_DESARCHIVE_CORE.JURISDICCION_POR_BODEGA (ID_BODEGA,ID_JURISDICCION) VALUES ('13','2');
INSERT INTO SCH_ORCLQA_DESARCHIVE_CORE.JURISDICCION_POR_BODEGA (ID_BODEGA,ID_JURISDICCION) VALUES ('13','3');
INSERT INTO SCH_ORCLQA_DESARCHIVE_CORE.JURISDICCION_POR_BODEGA (ID_BODEGA,ID_JURISDICCION) VALUES ('11','2');
INSERT INTO SCH_ORCLQA_DESARCHIVE_CORE.JURISDICCION_POR_BODEGA (ID_BODEGA,ID_JURISDICCION) VALUES ('11','3');
INSERT INTO SCH_ORCLQA_DESARCHIVE_CORE.JURISDICCION_POR_BODEGA (ID_BODEGA,ID_JURISDICCION) VALUES ('12','1');
INSERT INTO SCH_ORCLQA_DESARCHIVE_CORE.JURISDICCION_POR_BODEGA (ID_BODEGA,ID_JURISDICCION) VALUES ('12','2');
INSERT INTO SCH_ORCLQA_DESARCHIVE_CORE.JURISDICCION_POR_BODEGA (ID_BODEGA,ID_JURISDICCION) VALUES ('12','3');
INSERT INTO SCH_ORCLQA_DESARCHIVE_CORE.JURISDICCION_POR_BODEGA (ID_BODEGA,ID_JURISDICCION) VALUES ('1','2');
INSERT INTO SCH_ORCLQA_DESARCHIVE_CORE.JURISDICCION_POR_BODEGA (ID_BODEGA,ID_JURISDICCION) VALUES ('1','1');
INSERT INTO SCH_ORCLQA_DESARCHIVE_CORE.JURISDICCION_POR_BODEGA (ID_BODEGA,ID_JURISDICCION) VALUES ('7','2');
INSERT INTO SCH_ORCLQA_DESARCHIVE_CORE.JURISDICCION_POR_BODEGA (ID_BODEGA,ID_JURISDICCION) VALUES ('7','3');
COMMIT;


INSERT INTO SCH_ORCLQA_DESARCHIVE_CORE.USUARIO_POR_BODEGA (ID_BODEGA,CODIGO_TIPO_IDENTIFICACION,NUMERO_IDENTIFICACION) VALUES ('13','CC','10204857576');
INSERT INTO SCH_ORCLQA_DESARCHIVE_CORE.USUARIO_POR_BODEGA (ID_BODEGA,CODIGO_TIPO_IDENTIFICACION,NUMERO_IDENTIFICACION) VALUES ('12','CE','80040257');
COMMIT;


INSERT INTO SCH_ORCLQA_DESARCHIVE_CORE.TIPO_PROCESO(CODIGO,NOMBRE,ES_ACTIVO) VALUES ('T001','TUTELA','1');
INSERT INTO SCH_ORCLQA_DESARCHIVE_CORE.TIPO_PROCESO(CODIGO,NOMBRE,ES_ACTIVO) VALUES ('T002','PROCESO','1');
COMMIT;

INSERT INTO SCH_ORCLQA_DESARCHIVE_CORE.ESTADO_NOVEDAD(CODIGO,NOMBRE,ES_ACTIVO)VALUES('IAC','INACTIVO','1');
INSERT INTO SCH_ORCLQA_DESARCHIVE_CORE.ESTADO_NOVEDAD(CODIGO,NOMBRE,ES_ACTIVO)VALUES('ACT','ACTIVO','1');
COMMIT;


INSERT INTO SCH_ORCLQA_DESARCHIVE_CORE.TIPO_NOVEDAD(CODIGO,NOMBRE,ES_ACTIVO)VALUES('0001','PERMISO','1');
INSERT INTO SCH_ORCLQA_DESARCHIVE_CORE.TIPO_NOVEDAD(CODIGO,NOMBRE,ES_ACTIVO)VALUES('0002','INCAPACIDAD','1');
INSERT INTO SCH_ORCLQA_DESARCHIVE_CORE.TIPO_NOVEDAD(CODIGO,NOMBRE,ES_ACTIVO)VALUES('0003','LICENCIA','1');
INSERT INTO SCH_ORCLQA_DESARCHIVE_CORE.TIPO_NOVEDAD(CODIGO,NOMBRE,ES_ACTIVO)VALUES('0004','VACACIONES','1');
INSERT INTO SCH_ORCLQA_DESARCHIVE_CORE.TIPO_NOVEDAD(CODIGO,NOMBRE,ES_ACTIVO)VALUES('0005','CALAMIDAD','1');
COMMIT;

INSERT INTO SCH_ORCLQA_DESARCHIVE_CORE.TIPO_SOLICITUD (CODIGO,NOMBRE,ES_ACTIVO) VALUES ('INT','INTERNA','1');
INSERT INTO SCH_ORCLQA_DESARCHIVE_CORE.TIPO_SOLICITUD (CODIGO,NOMBRE,ES_ACTIVO) VALUES ('EXT','EXTERNA','1');
COMMIT;

INSERT INTO SCH_ORCLQA_DESARCHIVE_CORE.ESTADO_SOLICITUD (CODIGO,NOMBRE,ES_ACTIVO) VALUES ('1','RADICADA','1');
INSERT INTO SCH_ORCLQA_DESARCHIVE_CORE.ESTADO_SOLICITUD (CODIGO,NOMBRE,ES_ACTIVO) VALUES ('2','SIN PAGO ONLINE','1');
INSERT INTO SCH_ORCLQA_DESARCHIVE_CORE.ESTADO_SOLICITUD (CODIGO,NOMBRE,ES_ACTIVO) VALUES ('3','CON PAGO ONLINE','1');
INSERT INTO SCH_ORCLQA_DESARCHIVE_CORE.ESTADO_SOLICITUD (CODIGO,NOMBRE,ES_ACTIVO) VALUES ('4','SIN PAGO FISICO','1');
INSERT INTO SCH_ORCLQA_DESARCHIVE_CORE.ESTADO_SOLICITUD (CODIGO,NOMBRE,ES_ACTIVO) VALUES ('5','CON PAGO FISICO','2');
INSERT INTO SCH_ORCLQA_DESARCHIVE_CORE.ESTADO_SOLICITUD (CODIGO,NOMBRE,ES_ACTIVO) VALUES ('6','PENDIENTE','2');
INSERT INTO SCH_ORCLQA_DESARCHIVE_CORE.ESTADO_SOLICITUD (CODIGO,NOMBRE,ES_ACTIVO) VALUES ('7','POR ENTREGAR','2');
INSERT INTO SCH_ORCLQA_DESARCHIVE_CORE.ESTADO_SOLICITUD (CODIGO,NOMBRE,ES_ACTIVO) VALUES ('8','ENTREGADA','2');
COMMIT;

INSERT INTO SCH_ORCLQA_DESARCHIVE_CORE.TIPO_PERSONA (CODIGO, NOMBRE, ES_ACTIVO) VALUES ('NAT','NATURAL','1');
INSERT INTO SCH_ORCLQA_DESARCHIVE_CORE.TIPO_PERSONA (CODIGO, NOMBRE, ES_ACTIVO) VALUES ('JUR','JURIDICA','1');
COMMIT;